old_id,slug,title,action,product_sku,product_id,link_reason
88,"cours-dressage-chien-en-ligne-focus-fondations","Focus et Fondations - Les essentiels pour un chien à l'écoute","create","LEGACY-127",127,"sku"
90,"comment-dresser-son-chien","Solutions pour votre chien qui n'écoute pas ! - Introduction à l'éducation canine Ancien","create","LEGACY-3738",3738,"sku"
377,"introduction-a-la-detection-dodeurs","Cours complet sur la détection d'odeurs - Niveau débutant","create","LEGACY-2497",2497,"sku"
627,"rappel-express1","Cours : Rappel-Express","create","","","none"
688,"un-nouveau-chatchaton-a-la-maison","Séminaire : Un nouveau chat/chaton à la maison","create","LEGACY-2531",2531,"sku"
703,"preparation-a-lagilite-par-le-jeu","Cours : Préparation à l'agilité par le jeu","create","",2478,"none"
1085,"seminaire-chiot-101","Chiot 101 - Comment se préparer à l'arrivée de votre chiot ?","create","LEGACY-2521",2521,"sku"
1141,"cours-maternelle-socialisation-pour-les-chiots","Mon chiot parfait : Maternelle & socialisation","create","LEGACY-2492",2492,"sku"
1147,"detection-dodeurs-niveau-2","Cours : Détection d'odeurs - Niveau intermédiaire","create","LEGACY-2502",2502,"sku"
3046,"abc-du-fitness-canin","Cours : ABC du Fitness canin","create","LEGACY-3176",3176,"sku"
3285,"ethique-et-bien-etre-animal","Séminaire : Éthique et bien-être animal","create","","","none"
5152,"seminaire-prevention-morsures","Prévention des morsures - Vivez-vous auprès d'une bombe à retardement ?","create","",6720,"none"
6004,"cours-en-marche1","Cours : Sans Tension! - votre cours sur la marche en laisse","create","","","none"
6960,"seminaire-reactivite-canine","La réactivité canine - Le plan de A à Z pour un chien calme pendant les promenades","create","LEGACY-15528",15528,"sku"
8061,"seminaire-stimuler-son-chien-mentalement","1001 manières d'occuper et de stimuler son chien qui s'ennuie !","create","LEGACY-8076",8076,"sku"
8815,"webinaire-survivre-a-ladolescence-de-son-chiot","Conseils de pro : S.O.S. Mon chien est un ado !","create","LEGACY-8886",8886,"sku"
8823,"webinaire-questions-et-reponses-sur-le-rappel","Webinaire - Questions et Réponses sur le Rappel !","create","","","none"
8872,"cours-focus-denfer","Cours : Focus d'Enfer! votre cours sur les jeux d'attention","create","","","none"
9110,"formation-reduction-du-stress-en-milieu-clinique","Séminaire : Réduction du stress en milieu clinique","create","LEGACY-9144",9144,"sku"
9262,"seminaire-woaf-au-secours-mon-chien-jappe","WOAF ! - Au secours, mon chien aboie non-stop !","create","LEGACY-9282",9282,"sku"
9361,"seminaire-mon-chien-de-refuge-et-moi","Mon chien de refuge et moi - Comment entreprendre cette nouvelle aventure ?","create","LEGACY-10907",10907,"sku"
9673,"seminaire-biais-cognitifs-illogismes-et-persuasion","Séminaire : Biais cognitifs, illogismes et persuasion!","create","","","none"
10923,"seminaire-ces-trois-elements-que-vous-oubliez-dans-vos-plans-dentrainement","Séminaire : Ces trois éléments que vous oubliez dans vos plans d'entraînement","create","LEGACY-10743",10743,"sku"
11113,"cours-trucs-et-tours","Cours : Trucs et Tours! Intro au leurre, au shaping et à la fantaisie","create","","","none"
11419,"seminaire-la-proprete-de-a-a-z","Le plan d'action en 30 jours pour rendre votre chien propre !","create","LEGACY-11438",11438,"sku"
11523,"webinaire-la-methode-infaillible-pour-enseigner-une-commande","Webinaire - La méthode infaillible pour enseigner une commande","create","LEGACY-89372",89372,"sku"
12025,"introduction-au-pistage","Cours : Introduction au pistage","create","LEGACY-13476",13476,"sku"
12170,"webinaire-pro-le-chainon-manquant","Webinaire - Le chaînon manquant","create","LEGACY-24924",24924,"sku"
12228,"webinaire-les-pieges-a-eviter-avec-un-nouveau-chiot","Webinaire - Les pièges à éviter avec un nouveau chiot","create","","","none"
13144,"seminaire-jaime-ma-cage","Séminaire : J'aime ma Cage!","create","","","none"
13222,"webinaire-questions-reponses-sur-la-reactivite","Webinaire : Chien réactif ? Les 3 erreurs que vous faites (sans même vous en rendre compte) ! (ancien)","create","",13232,"none"
14814,"webinaire-horreur-mon-chien-tire","Webinaire - Horreur, mon chien tire!","create","","","none"
15522,"seminaire-outils-dintervention-complementaires-essentiels-pour-la-reactivite-et-lagression","Séminaire : Outils d'intervention complémentaires essentiels pour la réactivité et l'agression","create","LEGACY-6981",6981,"sku"
16151,"seminaire-le-canicross-et-les-sports-atteles","Séminaire : Le canicross et les sports attelés","create","","","none"
16301,"formation-intensive-tenue-de-consultation-et-intervention-en-comportement-canin","Formation intensive : Tenue de consultation et intervention en comportement canin","create","LEGACY-16343",16343,"sku"
20059,"harmonie-le-seminaire-sur-la-maisonnee-multi-chiens","Séminaire - Harmonie pour la maisonnée multi-chiens","create","","","none"
20629,"webinaire-pro-mini-client-a-lentrainement-gestion-des-enfants-en-consultations","Webinaire pro - Gestion des enfants en consultation","create","LEGACY-20674",20674,"sku"
21450,"webinaire-productivite","Webinaire Pro - Productivité et organisation pour les professionnels du monde canin","create","","","none"
25028,"seminaire-concepts-de-conditionnement-avances-structure-en-entrainement","Séminaire - Concevoir des plans d'entraînement & concepts avancés","create","LEGACY-25038",25038,"sku"
25044,"formation-intensive-reactivite-et-agression-canine-pour-les-professionnels","Formation intensive - Réactivité et agression canine pour les professionnels","create","LEGACY-25051",25051,"sku"
26616,"comment-resoudre-le-casse-tete-de-vos-finances","Mini-séminaire pro - Comment résoudre le casse-tête de vos finances?","create","LEGACY-26622",26622,"sku"
28779,"webinaire-pro-la-zootherapie-lanimal-un-etre-aux-multiples-capacites","Mini-séminaire pro - La zoothérapie : L’animal, un être aux multiples capacités","create","LEGACY-28828",28828,"sku"
29853,"trucs-et-tours-pour-faire-equipe-avec-son-chien","1001 Trucs & Tours pour faire une équipe d'enfer avec votre chien !","create","LEGACY-29782",29782,"sku"
29871,"cours-rappel-express-2-0","Rappel Express 3.0 - Mon chien revient plus vite que son ombre !","create","LEGACY-29768",29768,"sku"
29884,"cours-promenade-en-laisse-zen-du-reve-a-la-realite","Promenade en laisse zen - Du rêve à la réalité !","create","LEGACY-29789",29789,"sku"
29895,"seminaire-cage-enclos-transporteur","Bien-être et sécurité : Comment apprendre à mon chien à aimer sa cage ou son enclos ?","create","LEGACY-29783",29783,"sku"
29952,"seminaire-le-jeu-chez-le-chien-de-a-a-z","Le jeu chez le chien de A à Z !","create","LEGACY-30094",30094,"sku"
30330,"seminaire-trousse-ultime-survivre-a-larrivee-des-invites","[Guide de survie] Accueillir les invités dans le calme !","create","LEGACY-29786",29786,"sku"
30332,"webinaire-labc-du-freestyle-canin","Webinaire : L'ABC du freestyle canin !","create","LEGACY-30354",30354,"sku"
32415,"webinaire-pro-les-fondations-du-travail-en-r-du-cheval","Webinaire - Les fondations du travail en R+ du cheval","create","LEGACY-33052",33052,"sku"
32487,"","Séminaire : Le guide complet sur le canicross et les sports canins attelés","create","","","none"
34757,"mettre-fin-au-chaos-de-la-maison-multi-chiens","Maison multi-chien : solutions et gestion avancée","create","LEGACY-34817",34817,"sku"
35748,"webinaire-pro-face-a-linconnu-le-mysterieux-langage-des-oiseaux-exotiques","Webinaire - Face à l'inconnu : Le mystérieux langage des oiseaux exotiques","create","LEGACY-35756",35756,"sku"
37908,"","Mini-séminaire pro - Le Mantrailing : le flair dans tous ses états","create","","","none"
38644,"seminaire-les-defis-de-lelevage-canin-ethique-du-choix-des-reproducteurs-aux-programmes-de-socialisation","Séminaire : Les défis de l'élevage canin éthique - Du choix des reproducteurs aux programmes de socialisation !","create","LEGACY-42679",42679,"sku"
38698,"mini-seminaire-les-premiers-soins-de-base-canin","Webinaire : Sauvez la vie de votre chien - Les premiers soins canins","create","LEGACY-38766",38766,"sku"
39012,"mini-seminaire-pro-debuter-le-herding-comme-un-pro","Webinaire : Débuter le herding comme un pro!","create","LEGACY-39026",39026,"sku"
39225,"formation-intensive-les-principes-fondamentaux-de-leducation-de-la-modification-comportementale","Formation intensive : Les principes fondamentaux de l'éducation & de la modification comportementale","create","LEGACY-39248",39248,"sku"
40421,"mini-seminaire-lalimentation-canine-pour-les-chiens-sportifs","Webinaire : L'alimentation canine pour les chiens sportifs","create","LEGACY-44450",44450,"sku"
41414,"resolution-comportement-101","Séminaire : Résolution de problèmes de comportement 101","create","LEGACY-41457",41457,"sku"
44104,"mini-seminaire-introduction-a-la-medecine-sportive","Webinaire : Introduction à la médecine sportive","create","LEGACY-45407",45407,"sku"
45257,"seminaire-tout-savoir-pour-optimiser-son-utilisation-du-temps","Séminaire : Tout savoir pour optimiser son utilisation du temps","create","LEGACY-45279",45279,"sku"
45551,"seminaire-les-stereotypies-et-les-tocs-chez-les-chiens","Séminaire : Les stéréotypies et les tocs chez les chiens","create","LEGACY-45561",45561,"sku"
46021,"mini-seminaire-initiation-au-canicross","Webinaire : Devenir un PRO du canicross - Présenté par un champion du monde","create","LEGACY-46024",46024,"sku"
47264,"seminaire-mon-chien-devient-il-un-monstre-prevention-gestion-et-solutions-pour-la-protection-de-ressources-chez-le-chien","Protection de ressources 101 : Réhabiliter le chien protecteur","create","LEGACY-47310",47310,"sku"
47985,"mini-seminaire-les-defis-emotionnels-chez-le-chien-en-competition","Webinaire : Les défis émotionnels chez le chien en compétition","create","LEGACY-53799",53799,"sku"
48429,"guide-indispensable-pour-comprendre-et-mieux-resoudre-lanxiete-de-separation","Guide indispensable : Mieux comprendre l’anxiété de séparation","create","LEGACY-48876",48876,"sku"
49387,"seminaire-outils-essentiels-pour-lauto-controle-la-marche-en-laisse-le-rappel-chez-le-chien-predateur","Séminaire : Outils essentiels pour l'auto-contrôle, la marche en laisse & le rappel chez le chien prédateur","create","LEGACY-50039",50039,"sku"
50910,"colloque-francophone-sur-le-comportement-animal-canin-ete-2020","Colloque Francophone sur le Comportement Animal & Canin - Été 2020","create","",50915,"none"
54990,"seminaire-le-traitement-de-cas-complexes-le-diable-est-dans-les-details","Séminaire : Le traitement de cas complexes - Le diable est dans les détails","create","LEGACY-55107",55107,"sku"
55286,"seminaire-chiens-primitifs-les-connaitre-pour-mieux-les-aider","Séminaire : Chiens primitifs - Les connaître pour mieux les aider !","create","LEGACY-55361",55361,"sku"
55303,"seminaire-la-desensibilisation-systematique","Séminaire : Désensibilisation systématique & études de cas","create","LEGACY-55811",55811,"sku"
55998,"cours-initiation-au-frisbee-disque-freestyle-canin-du-chiot-a-vos-premieres-competitions","Cours : Initiation au Frisbee (Disque Freestyle) canin - du chiot à vos premières compétitions","create","LEGACY-56852",56852,"sku"
56306,"","Séminaire : Techniques créatives d'intervention canine «volées» au comportement aviaire","create","","","none"
56335,"seminaire-marche-au-pied-de-competition","Séminaire : Marche au pied de compétition - Intensité & précision","create","LEGACY-56424",56424,"sku"
58635,"seminaire-la-puissance-des-antecedents","Séminaire : La puissance des antécédents","create","LEGACY-58655",58655,"sku"
59899,"mini-seminaire-la-mastication-macher-pour-resoudre-certains-problemes-de-comportement","Webinaire - La mastication chez le chien : les 5 erreurs courantes","create","","","none"
64315,"mini-seminaire-les-consultations-par-visioconference-une-realite-daujourdhui","Webinaire : les consultations par visioconférence - L'intervenant du futur!","create","LEGACY-64987",64987,"sku"
64390,"mini-seminaire-3-moyens-pour-venir-a-bout-de-90-des-problemes-felins","Webinaire : 3 moyens pour venir à bout de 90% des problèmes félins","create","LEGACY-64695",64695,"sku"
65397,"mini-seminaire-4-erreurs-a-ne-pas-faire-en-tant-queleveur","Webinaire : 4 erreurs à ne pas faire en tant qu'éleveur !","create","LEGACY-66889",66889,"sku"
65961,"mini-seminaire-la-socialisation-du-chiot-un-cauchemar-en-temps-de-pandemie","Webinaire : La socialisation du chiot - Un cauchemar en temps de pandémie","create","","","none"
66237,"colloque-francophone-sur-le-comportement-animal-et-canin-edition-2021","Colloque Francophone sur le Comportement Animal et Canin - Édition 2021","create","",66242,"none"
66475,"trousse-complete-les-bases-de-leducation-dun-chiot-tout-savoir-pour-mieux-eduquer","[Pack essentiel] - Les bases de l'éducation d'un chiot - Tout savoir pour mieux éduquer !","create","LEGACY-66894",66894,"sku"
67146,"mini-seminaire-la-coupe-de-griffes-un-film-dhorreur-pour-mon-chien","La coupe de griffes - Un film d'horreur pour mon chien","create","LEGACY-78641",78641,"sku"
67820,"mini-seminaire-comment-obtenir-une-photo-de-chien-badass-a-chaque-seance","Webinaire : Comment obtenir une photo de chien badass à chaque séance","create","LEGACY-67826",67826,"sku"
68162,"mini-seminaire-3-strategies-pour-eviter-la-desorganisation-et-atteindre-vos-objectifs","Mini-séminaire: 3 stratégies pour éviter la désorganisation et atteindre vos objectifs","create","LEGACY-68167",68167,"sku"
68444,"mini-seminaire-la-randonnee-avec-un-chien-a-la-conquete-des-sommets","Webinaire : En randonnée avec mon chien - À la conquête des sommets !","create","LEGACY-70744",70744,"sku"
71132,"en-direct-mon-chien-mon-athlete-3-jours-de-conferences","En direct : Mon chien, mon athlète – 3 jours de conférences","create","",71228,"none"
71153,"seminaire-les-chocs-de-stress-post-traumatiques-chez-les-chiens-leffet-de-la-solitude","Séminaire : les chocs de stress post-traumatiques chez les chiens & l'effet de la solitude","create","LEGACY-72773",72773,"sku"
71155,"theories-et-etude-de-cas-une-approche-globale-du-bien-etre-animalier","Théories et études de cas : une approche globale du bien-être animalier","create","LEGACY-71858",71858,"sku"
72506,"seminaire-comportement-sante-et-pharmacologie-comportementale-au-dela-des-mythes-etudes-de-cas","Comportement, santé et pharmacologie comportementale - au delà des mythes & études de cas","create","LEGACY-73360",73360,"sku"
72784,"seminaire-ouvrir-ses-horizons-comment-utiliser-les-sports-canins-pour-aider-les-chiens-a-problemes","Ouvrir ses horizons - Comment utiliser les sports canins pour aider les chiens à problèmes ?","create","LEGACY-72792",72792,"sku"
73295,"seminaire-fitness-canin-etudes-de-cas-mise-en-pratique-et-protocoles-dentrainement","Séminaire : Fitness canin - Études de cas, mise en pratique et protocoles d’entraînement","create","LEGACY-73298",73298,"sku"
73344,"seminaire-intervention-en-comportement-animal-mieux-guider-les-humains-pour-mieux-aider-leurs-animaux","Séminaire : Intervention en comportement animal - Mieux guider les humains pour mieux aider leurs animaux","create","LEGACY-73347",73347,"sku"
74161,"conference-gratuite-venir-a-bout-des-jappements-de-votre-chien","Conférence GRATUITE - Venir à bout des jappements de votre chien !","create","",74166,"none"
74441,"trousse-sos-chien-ado","[Pack essentiel] S.O.S. - Survivre à l'adolescence de son chien","create","LEGACY-74495",74495,"sku"
74919,"conference-gratuite","Webinaire - Comprendre son chiot et son chien adolescent !","create","LEGACY-74916",74916,"sku"
75331,"trousse-complete-au-secours-mon-chien-est-reactif","[Trousse complète] Au secours, mon chien est réactif ! -  Une formation complète pour une réhabilitation optimale","create","LEGACY-76356",76356,"sku"
75668,"cfcac-2022","CFCAC 2022 : Peur & agression chez le chien : 4 jours de formation pour aider les chiens à problèmes","create","","","none"
76739,"mini-seminaire-comment-gerer-les-emotions-canines-et-la-protection-de-ressources","Webinaire : La protection de ressource - Vers un retour à la sécurité !","create","LEGACY-76879",76879,"sku"
78810,"webinaire-la-gestion-des-emotions-canines-plus-complexe-quon-le-croit","Webinaire - La gestion des émotions canines : plus complexe qu'on le croit","create","LEGACY-78817",78817,"sku"
78931,"conference-en-direct-mon-chien-a-mordu-je-fais-quoi-maintenant","Webinaire - Mon chien a mordu, je fais quoi maintenant ? (ancien)","create","",79065,"none"
79011,"","Séminaire : Le fitness canin - Les fondations du chiot au chien âgé","create","","","none"
79764,"trousse-complete-le-rappel-et-la-marche-en-laisse-les-essentiels-que-votre-chien-doit-connaitre","[Pack essentiel] Promenade Zen & Rappel extrême","create","LEGACY-79994",79994,"sku"
80054,"conference-en-direct-promenades-et-rappel-diminuer-la-frustration-et-ameliorer-le-bien-etre-du-chien","Conférence en direct : Promenades en laisse et rappel - De la frustration à l'harmonie","create","",80186,"none"
80840,"seminaire-ethologie-et-sports-canins-vers-une-approche-holistique-de-reponse-aux-besoins-de-nos-chiens","Séminaire : Éthologie et sports canins – Vers une approche holistique de réponse aux besoins de nos chiens","create","LEGACY-80842",80842,"sku"
80871,"seminaire-de-la-prise-de-confiance-en-soi-a-la-canalisation-de-son-energie-initiation-treibball","Séminaire: De la prise de confiance en soi à la canalisation de son énergie – initiation Treibball","create","LEGACY-80875",80875,"sku"
80930,"seminaire-la-detection-dodeurs-les-exercices-cles-pour-debuter-et-leur-utilisation-pour-diminuer-le-stress-canin","Séminaire: La détection d’odeurs – Les exercices clés pour débuter et leur utilisation pour diminuer le stress canin","create","LEGACY-80933",80933,"sku"
80943,"seminaire-3-jeux-essentiels-pour-apprendre-a-votre-chien-la-marche-au-pied-de-competition","Séminaire : 3 jeux essentiels pour apprendre à votre chien la marche au pied de compétition","create","LEGACY-80946",80946,"sku"
80952,"seminaire-agilite-101-les-fondations-dun-chien-performant","Séminaire : Agilité 101 – Les fondations d’un chien performant !","create","LEGACY-80956",80956,"sku"
80967,"seminaire-les-supplements-alimentaires-pour-les-chiens-sportifs","Séminaire : Les suppléments alimentaires pour les chiens sportifs","create","LEGACY-80970",80970,"sku"
81397,"seminaire-3-exercices-essentiels-pour-le-herding-sur-canard","Séminaire : 3 exercices essentiels pour le herding sur canard","create","LEGACY-81400",81400,"sku"
83087,"seminaire-un-nouveau-chat-a-la-maison","Séminaire : Un nouveau chat à la maison","create","LEGACY-83279",83279,"sku"
84265,"","Webinaire : Chien réactif ? Les 3 erreurs que vous faites (sans même vous en rendre compte) ! (2)","create","","","none"
88008,"webinaire-reussir-la-socialisation-de-votre-chiot-et-venir-a-bout-des-mordillements","Webinaire - Réussir la socialisation de votre chiot et venir à bout des mordillements !","create","LEGACY-88014",88014,"sku"
88507,"mon-chien-de-berger-incompris-le-mode-demploi-complet-pour-leduquer","Mon chien de berger incompris : Le mode d'emploi complet pour l'éduquer !","create","LEGACY-88519",88519,"sku"
89094,"cfcac-2023","CFCAC 2023 [Édition Spéciale] 5 jours de formations avancées pour les professionnels et passionnés du domaine animal !","create","",89117,"none"
89358,"briser-la-prison-de-verre-du-chien-cross-over","Briser la prison de verre du chien ""cross-over""","create","LEGACY-89372",89372,"sku"
94670,"lart-du-service-au-client-en-animaleries-et-boutiques-pour-animaux","L'art du service au client en animaleries et boutiques pour animaux","create","LEGACY-95187",95187,"sku"
95243,"seminaire-pratique-virtuel-mon-chien-de-berger-incompris-2","[Séminaire pratique virtuel] : Mon chien de berger incompris","create","","","none"
95244,"seminaire-pratique-virtuel-mon-chien-de-berger-incompris","[Séminaire pratique virtuel] : Mon chien de berger incompris","create","LEGACY-95252",95252,"sku"
95258,"formation-pratique-certifiante-en-direct-plans-mecanique-dentrainement-avances","[Formation pratique certifiante en direct] : Plans & mécanique d’entraînement avancés","create","LEGACY-95272",95272,"sku"
95606,"la-magie-de-premack","[PREMACK] Notions de base et avancées pour prendre le contrôle des distractions","create","LEGACY-95619",95619,"sku"
95958,"webinaire-reactivite-canine-les-3-erreurs-que-vous-faites-sans-meme-vous-en-rendre-compte","Webinaire - Chien réactif ? Les 3 erreurs que vous faites (sans même vous en rendre compte) !","create","LEGACY-95966",95966,"sku"
95986,"webinaire-mon-chien-a-mordu-je-fais-quoi-maintenant-v2","Webinaire - Mon chien a mordu, je fais quoi maintenant ?","create","LEGACY-95994",95994,"sku"
96006,"webinaire-mon-chien-de-refuge-et-moi-comment-entreprendre-cette-nouvelle-aventure-v2","Webinaire - Mon chien de refuge et moi : comment entreprendre cette nouvelle aventure ?","create","LEGACY-96043",96043,"sku"
96057,"","Webinaire - L'intervenant du futur : les consultations par visioconférence ! V2","create","","","none"
96096,"","Webinaire - Comment résoudre le casse-tête de vos finances ?","create","","","none"
99307,"steriliser-ou-ne-pas-steriliser-la-est-la-question","Stériliser ou ne pas stériliser ? Là est la question !","create","LEGACY-99329",99329,"sku"
99845,"50-nuances-de-liberte-pour-un-chien-libre-et-autonome","[50 nuances de liberté] Pour un chien libre et autonome","create","LEGACY-99848",99848,"sku"
99965,"webinaire-comprendre-son-chiot-et-son-chien-adolescent-v2","Webinaire - Comprendre son chiot et son chien adolescent !","create","LEGACY-99961",99961,"sku"
99993,"webinaire-prevention-des-morsures-vivez-vous-aupres-dune-bombe-a-retardement-v2","Webinaire - Prévention des morsures : Vivez-vous auprès d’une bombe à retardement ?","create","LEGACY-99992",99992,"sku"
100250,"les-chiots-peuvent-bouger-beaucoup-plus-quon-ne-le-pense-vers-de-nouvelles-directives-pour-des-chiots-bien-dans-leur-tete-et-dans-leurs-pattes","Les chiots peuvent bouger beaucoup plus qu’on ne le pense – Vers de nouvelles directives pour des chiots bien dans leur tête et dans leurs pattes !","create","LEGACY-100253",100253,"sku"
100364,"solution-pour-votre-chien-qui-necoute-pas-introduction-a-leducation-canine-v2","Solution pour votre chien qui n'écoute pas! Introduction à l'éducation canine","create","LEGACY-100346",100346,"sku"
100574,"","Mini-séminaire pro - Comment résoudre le casse-tête de vos finances? (V2)","create","","","none"
100730,"","Séminiare : Réduction du stress en milieu clinique (V2)","create","","","none"
100750,"","Webinaire - Le chaînon manquant (V2)","create","","","none"
100811,"petit-guide-dautodefense-intellectuel-pour-les-professionnels-du-domaine-animalier","Petit guide d’autodéfense intellectuel pour les professionnels du domaine animalier","create","LEGACY-100817",100817,"sku"
101511,"la-detection-dodeurs-les-essentiels-pourdevelopper-un-flair-dexception-niveau-1et-2","La détection d'odeurs - Les essentiels pour développer un flair d'exception - (Niveau 1et 2)","create","LEGACY-101516",101516,"sku"
102098,"la-detection-dodeurs-4-modules-pour-pour-un-signal-dalerte-solide-niveau-3","La détection d'odeurs - 4 modules pour pour un signal d'alerte Solide - (Niveau 3)","create","LEGACY-102733",102733,"sku"
102803,"la-socialisation-du-chiot-combler-lecart-entre-la-pratique-des-educateurs-canins-et-les-donnees-scientifiques","La socialisation du chiot – Combler l’écart entre la pratique des éducateurs canins et les données scientifiques","create","LEGACY-102807",102807,"sku"
103550,"au-dela-des-apparences-lutilisation-ethique-du-renforcement-negatif","Au-delà des apparences : L’utilisation éthique du renforcement négatif","create","LEGACY-103560",103560,"sku"
103575,"la-detection-dodeurs-7-exercices-pour-une-motivation-sans-faille","La détection d'odeurs - 7 exercices pour une motivation sans faille","create","LEGACY-103573",103573,"sku"
103965,"comment-apprendre-nouvelle-commande-chien","Comment apprendre une nouvelle commande à mon chien","create","LEGACY-104049",104049,"sku"
103968,"agression-chien-meme-foyer","Comprendre et résoudre l'agression entre chiens d'un même foyer","create","LEGACY-104052",104052,"sku"
103976,"planifier-ses-entrainement","Planifier ses entraînements pour faire progresser son chien et ceux de ses clients !","create","LEGACY-104047",104047,"sku"
103978,"chien-motive-et-engage-entrainement","5 outils pour avoir un chien motivé et engagé en entraînement !","create","LEGACY-104057",104057,"sku"
103980,"resillience-gestion-emotion-chien","Résilience & gestion des émotions chez le chien","create","LEGACY-104059",104059,"sku"
103984,"chien-chasse-berger-patron-moteur-predation","Chiens de chasse, de berger & pa﻿trons-moteurs de prédation","create","LEGACY-104063",104063,"sku"
103986,"fondaiton-chiot-sport-canin","Les fondations de votre prochain chiot de sports canins","create","LEGACY-104067",104067,"sku"
103991,"7-conferences-comportement-canin","Pack de 7 conférences inédites sur le comportement canin","create","","","none"
105865,"bootcamp-au-dela-de-la-chasse","Bootcamp : au-delà de la chasse","create","LEGACY-105868",105868,"sku"
107781,"cfcac-2024-edition-speciale-6-jours-de-formations-avancees-pour-les-professionnels-et-passionnes-du-domaine-animal","CFCAC 2024 [Édition Spéciale] 6 jours de formations avancées pour les professionnels et passionnés du domaine animal !","create","","","none"
114955,"sociabilite-resilience-emotionnelle-chez-le-chien","Sociabilité & résilience émotionnelle chez le chien","create","LEGACY-114967",114967,"sku"
115158,"","dsafagdsafdsa","create","","","none"
115300,"la-detection-dodeurs-ignorer-la-distraction-alimentaire-en-4-modules-niveau-avance","La détection d’odeurs - Ignorer la distraction alimentaire en 4 modules (niveau avancé)","create","LEGACY-115312",115312,"sku"
116440,"emotions-partagees-le-role-de-lhumain-dans-la-gestion-de-la-reactivite-du-chien","Émotions partagées : le rôle de l'humain dans la gestion de la réactivité du chien","create","LEGACY-116452",116452,"sku"
117931,"astuces-de-pro-et-securite-en-refuge-votre-formation-gratuite","Astuces de pro et sécurité en refuge : votre formation gratuite","create","LEGACY-117940",117940,"sku"
118047,"gestion-des-distractions-peur-ou-curiosite","Gestion des distractions : Peur ou curiosité ?","create","LEGACY-118053",118053,"sku"
118724,"activer-le-mode-pause-cultiver-le-calme-chez-le-chien","Activer le mode Pause - Cultiver le calme chez le chien","create","LEGACY-118737",118737,"sku"
119886,"rappel-sur-mesure-methodes-adaptees-a-la-race-de-chaque-chien","Rappel sur-mesure :  Méthodes adaptées à la race de chaque chien","create","LEGACY-119893",119893,"sku"
120155,"levez-les-freins-micro-strategies-pour-deverrouiller-le-potentiel-de-votre-entreprise-canine","Levez les freins : Micro-stratégies pour déverrouiller le potentiel de votre entreprise canine","create","LEGACY-120165",120165,"sku"
120679,"liberte-sans-limites-sans-longe-sans-barrieres","Liberté sans limites : Sans longe & sans barrières","create","LEGACY-120689",120689,"sku"
121025,"devenez-un-expert-en-detection-dodeurs-niveau-excellent","Devenez un expert en détection d'odeurs (niveau excellent)","create","LEGACY-121046",121046,"sku"
121068,"le-lien-unique-entre-la-resilience-et-le-jeu","Le lien unique entre la résilience et le jeu","create","LEGACY-121081",121081,"sku"
121084,"science-et-systemes-de-motivation-complexes","Science et systèmes de motivation complexes","create","LEGACY-121092",121092,"sku"
121097,"vert-jaune-rouge-strategies-pour-une-rehabilitation-comportementale-optimale","Vert, jaune, rouge : stratégies pour une réhabilitation comportementale optimale","create","LEGACY-121109",121109,"sku"
121667,"lumiere-au-bout-du-tunnel-guide-de-survie-a-ladolescence-canine","Lumière au bout du tunnel  : Guide de survie à l’adolescence canine","create","LEGACY-121675",121675,"sku"
121695,"dejouer-lagression-guide-devaluation-et-dintervention","Déjouer l’agression : guide d'évaluation et d'intervention","create","LEGACY-121702",121702,"sku"
122269,"obtenez-plus-avec-moins-petit-guide-de-la-reduction-de-recompenses","Obtenez plus avec moins : Petit guide de la réduction de récompenses","create","LEGACY-122275",122275,"sku"
122296,"mon-chien-a-peur-est-anxieux-ou-est-agressif-les-premiers-pas-de-la-rehabilitation","Mon chien a peur, est anxieux ou est agressif : Les premiers pas de la réhabilitation","create","LEGACY-122304",122304,"sku"
122906,"le-rapport-dobjet","Le rapport d'objet","create","LEGACY-122911",122911,"sku"
122978,"quand-lerreur-nest-pas-synonyme-dechec","Quand l’erreur n’est pas synonyme d’échec","create","LEGACY-122987",122987,"sku"
123536,"la-prise-en-charge-et-ethologie-des-comportements-specifiques","La prise en charge et éthologie des comportements spécifiques","create","LEGACY-123545",123545,"sku"
123548,"socialisation-priorites-et-entrainement","Socialisation : priorités et entraînement","create","LEGACY-123556",123556,"sku"
123616,"plein-gaz-propulsez-votre-entreprise-deducation-canine","Plein Gaz : propulsez votre entreprise d’éducation canine","create","LEGACY-123627",123627,"sku"
127853,"neurobiologie-canine-plongez-au-coeur-des-mecanismes-du-stress-chez-le-chien","Neurobiologie canine : Plongez au coeur des mécanismes du stress chez le chien","create","LEGACY-127887",127887,"sku"
128120,"dominance-male-alpha-et-hierarchie-chez-le-chien","Dominance, mâle alpha et hiérarchie chez le chien","create","LEGACY-128132",128132,"sku"
128920,"la-double-peine-le-lien-entre-la-sante-et-les-troubles-mentaux-chez-le-chien","La double peine : le lien entre la santé et les troubles mentaux chez le chien","create","LEGACY-128933",128933,"sku"
129158,"au-dela-des-apparences-lecture-du-chien-lors-dutilisation-des-methodes-dentrainement","Au-delà des apparences : lecture du chien lors d'utilisation des méthodes d'entraînement ","create","LEGACY-129166",129166,"sku"
129814,"pack-reactivite-predation","Pack Réactivité & Prédation","create","LEGACY-129819",129819,"sku"
130785,"contacts-canins-lart-des-premieres-impressions","Contacts canins : L’art des premières impressions","create","LEGACY-130792",130792,"sku"
131440,"module-avance-scenarios-structures-pour-chiens-reactifs","Module avancé : Scénarios structurés pour chiens réactifs","create","LEGACY-131454",131454,"sku"
132070,"educateurs-canins-ia-les-strategies-inedites-pour-automatiser-80-de-vos-taches-admin-et-retrouver-votre-passion","Éducateurs canins & IA : Les stratégies inédites pour automatiser 80% de vos tâches admin (et retrouver votre passion)","create","LEGACY-132079",132079,"sku"
133627,"defi-5-jours","Défi - 5 jours pour un chien plus attentif & zen","create","LEGACY-133634",133634,"sku"
